Time	Current	Voltage	Power	Energy	Speed	Alt	Dist	Pitch	Roll	Batt
625.434	-4.60	54.06	-248.68	11.89	13.34	1.29	1.15	0.16	-3.22	42.00
625.544	-4.60	54.06	-248.68	11.88	12.77	1.27	1.15	0.12	-3.33	42.00
625.594	-4.32	54.06	-233.54	11.87	12.51	1.26	1.15	0.07	-3.44	42.00
625.682	-3.58	54.06	-193.53	11.87	12.21	1.26	1.15	0.05	-4.14	42.00
625.733	-3.42	54.06	-184.89	11.87	12.06	1.26	1.15	0.06	-4.40	42.00
625.792	-2.75	54.06	-148.67	11.86	11.89	1.26	1.15	-0.04	-4.51	42.00
625.836	-2.19	54.06	-118.39	11.86	11.91	1.26	1.15	-0.00	-4.55	42.00
625.885	-1.87	54.06	-101.09	11.86	11.94	1.26	1.15	0.08	-4.55	42.00
625.930	-1.87	54.06	-101.09	11.86	11.95	1.26	1.15	0.23	-4.43	42.00
626.062	-2.33	54.06	-125.96	11.86	11.79	1.26	1.15	0.28	-3.72	42.00
626.087	-2.49	54.06	-134.61	11.85	11.77	1.26	1.15	0.26	-3.68	42.00
626.243	-2.61	54.06	-141.10	11.85	11.16	1.26	1.16	0.10	-3.49	42.00
626.266	-2.40	54.06	-129.74	11.85	11.04	1.26	1.16	0.09	-3.30	42.00
626.332	-2.17	54.06	-117.31	11.85	10.88	1.26	1.16	0.13	-2.92	42.00
626.379	-2.08	54.06	-112.44	11.84	10.76	1.26	1.16	0.11	-2.82	42.00
626.401	-1.84	54.06	-99.47	11.84	10.71	1.26	1.16	0.08	-2.72	42.00
626.470	-1.41	54.06	-76.22	11.84	10.75	1.26	1.16	0.07	-2.43	42.00
626.601	-1.85	54.06	-100.01	11.84	10.61	1.26	1.16	0.29	-3.14	42.00
626.674	-2.02	54.06	-109.20	11.84	10.40	1.26	1.16	0.29	-3.74	42.00
626.706	-2.08	54.06	-112.44	11.84	10.23	1.26	1.16	0.25	-4.18	42.00
626.762	-2.21	54.06	-119.47	11.83	10.03	1.26	1.16	0.06	-5.89	42.00
626.805	-2.17	54.06	-117.31	11.83	9.87	1.26	1.16	-0.02	-6.65	42.00
626.871	-1.80	54.06	-97.31	11.83	9.48	1.26	1.16	-0.13	-7.03	42.00
626.963	-1.05	54.06	-56.76	11.83	9.44	1.26	1.16	0.01	-6.83	42.00
627.009	-1.06	54.06	-57.30	11.83	9.41	1.26	1.16	0.07	-6.48	42.00
627.053	-0.97	54.06	-52.44	11.83	9.22	1.26	1.16	0.07	-5.94	42.00
627.113	-0.59	54.06	-31.90	11.83	8.99	1.26	1.16	0.00	-5.21	42.00
627.187	0.55	54.06	29.73	11.83	8.77	1.26	1.16	-0.18	-5.39	42.00
627.254	2.40	54.06	129.74	11.83	8.82	1.26	1.16	-0.21	-5.74	42.00
627.301	2.64	54.06	142.72	11.83	8.95	1.26	1.16	-0.13	-5.71	42.00
627.370	4.52	54.06	244.35	11.83	9.44	1.26	1.16	-0.01	-5.48	42.00
627.414	4.86	54.06	262.73	11.84	9.52	1.26	1.16	-0.00	-5.39	42.00
627.570	8.34	54.06	450.86	11.85	10.79	1.26	1.16	0.26	-3.80	42.00
627.617	8.26	54.06	446.54	11.86	11.02	1.26	1.16	0.40	-3.62	42.00
627.704	5.39	54.06	291.38	11.87	11.28	1.26	1.16	0.63	-3.21	42.00
627.773	4.13	54.06	223.27	11.87	11.23	1.26	1.16	0.31	-2.58	42.00
627.954	5.12	54.06	276.79	11.88	11.28	1.26	1.16	-0.07	-1.11	42.00
628.003	5.56	54.06	300.57	11.89	11.47	1.26	1.16	-0.04	-0.61	42.00
628.088	6.80	54.06	367.61	11.90	11.84	1.26	1.16	0.02	0.28	42.00
628.089	6.86	54.06	370.85	11.90	11.85	1.26	1.16	0.02	0.29	42.00
628.132	7.21	54.06	389.77	11.90	12.06	1.26	1.16	0.03	0.44	42.00
628.157	7.67	54.06	414.64	11.90	12.17	1.26	1.16	0.06	0.49	42.00
628.292	7.74	54.06	418.42	11.92	12.66	1.26	1.16	0.17	0.43	42.00
628.401	6.74	54.06	364.36	11.93	13.20	1.26	1.16	0.14	-0.92	42.00
628.426	6.67	54.06	360.58	11.93	13.31	1.26	1.16	0.14	-1.32	42.00
628.475	6.59	54.06	356.26	11.94	13.44	1.26	1.16	0.13	-2.28	42.00
628.581	5.68	54.06	307.06	11.95	13.87	1.26	1.16	0.13	-4.68	42.00
628.585	5.61	54.06	303.28	11.95	13.87	1.26	1.16	0.13	-4.74	42.00
628.606	5.43	54.06	293.55	11.95	13.88	1.26	1.16	0.11	-4.81	42.00
628.630	5.29	54.06	285.98	11.95	13.88	1.26	1.16	-0.01	-5.08	42.00
628.740	4.89	54.06	264.35	11.96	13.90	1.26	1.16	-0.00	-5.31	42.00
628.799	4.55	54.06	245.97	11.96	13.93	1.26	1.16	0.07	-5.21	42.00
628.874	4.40	54.06	237.86	11.97	13.69	1.26	1.16	-0.15	-4.85	42.00
628.920	4.71	54.06	254.62	11.97	13.67	1.26	1.16	-0.24	-4.72	42.00
628.921	5.13	54.06	277.33	11.97	13.68	1.26	1.16	-0.24	-4.72	42.00
628.943	5.67	54.06	306.52	11.97	13.76	1.26	1.16	-0.26	-4.70	42.00
629.054	7.73	54.06	417.88	11.99	14.14	1.26	1.16	-0.02	-5.17	42.00
629.080	7.81	54.06	422.21	11.99	14.23	1.26	1.16	-0.01	-5.22	42.00
629.123	7.99	54.06	431.94	11.99	14.27	1.26	1.16	-0.00	-5.32	42.00
629.147	8.00	54.06	432.48	12.00	14.29	1.26	1.16	0.06	-5.52	42.00
629.256	7.90	54.06	427.07	12.01	14.65	1.26	1.16	-0.21	-6.17	42.00
629.283	9.31	54.06	503.30	12.01	14.74	1.26	1.16	-0.22	-6.18	42.00
629.418	11.25	54.06	608.18	12.03	15.80	1.26	1.17	0.12	-4.79	42.00
629.462	10.85	54.06	586.55	12.04	15.94	1.26	1.17	0.21	-4.44	42.00
629.572	8.50	54.06	459.51	12.06	16.23	1.26	1.17	0.27	-2.90	42.00
629.624	8.43	54.06	455.73	12.06	16.14	1.26	1.17	0.03	-2.52	42.00
629.664	9.50	54.06	513.57	12.07	16.20	1.26	1.17	-0.10	-2.66	42.00
629.684	9.73	54.06	526.00	12.07	16.36	1.26	1.17	-0.05	-3.01	42.00
629.807	9.27	54.06	501.14	12.09	17.26	1.24	1.17	0.26	-5.04	42.00
629.824	8.97	54.06	484.92	12.09	17.31	1.24	1.17	0.26	-5.25	42.00
629.826	8.65	54.06	467.62	12.09	17.31	1.24	1.17	0.25	-5.29	42.00
629.866	7.86	54.06	424.91	12.10	17.34	1.23	1.17	0.08	-6.21	42.00
629.980	4.59	54.06	248.14	12.11	16.97	1.21	1.17	-0.08	-6.40	42.00
630.069	4.88	54.06	263.81	12.11	17.03	1.20	1.17	-0.22	-5.51	42.00
630.227	6.63	54.06	358.42	12.13	17.03	1.18	1.17	-0.32	-4.43	42.00
630.248	6.80	54.06	367.61	12.13	17.06	1.18	1.17	-0.31	-4.38	42.00
630.272	7.50	54.06	405.45	12.13	17.11	1.17	1.17	-0.30	-4.32	42.00
630.365	7.46	54.06	403.29	12.14	17.77	1.16	1.17	0.13	-3.58	42.00
630.451	7.53	54.06	407.07	12.15	17.74	1.15	1.17	-0.02	-2.99	42.00
630.541	7.56	54.06	408.69	12.16	18.12	1.13	1.17	0.09	-1.64	42.00
630.585	7.59	54.06	410.32	12.17	18.16	1.13	1.17	0.06	-1.42	42.00
630.698	8.22	54.06	444.37	12.18	18.40	1.11	1.17	0.01	-1.40	42.00
630.725	8.18	54.06	442.21	12.18	18.53	1.11	1.17	0.03	-1.48	42.00
630.880	7.86	54.06	424.91	12.20	18.76	1.09	1.17	-0.08	-2.25	42.00
630.990	8.93	54.06	482.76	12.22	19.26	1.07	1.17	-0.01	-2.48	42.00
631.040	8.81	54.06	476.27	12.22	19.41	1.07	1.17	0.05	-2.47	42.00
631.059	8.54	54.06	461.67	12.23	19.48	1.07	1.17	0.14	-2.44	42.00
631.148	7.75	54.06	418.97	12.24	19.62	1.07	1.17	0.11	-2.94	42.00
631.171	7.68	54.06	415.18	12.24	19.66	1.06	1.17	0.03	-3.14	42.00
631.240	7.73	54.06	417.88	12.25	19.68	1.06	1.17	0.00	-3.32	42.00
631.396	5.75	54.06	310.85	12.26	20.22	1.06	1.17	0.04	-3.78	42.00
631.445	5.38	54.06	290.84	12.27	20.26	1.06	1.17	0.07	-3.70	42.00
631.617	3.39	54.06	183.26	12.28	20.08	1.05	1.18	-0.02	-3.16	42.00
631.686	4.95	54.06	267.60	12.28	20.21	1.05	1.18	-0.08	-2.96	42.00
631.754	4.53	54.06	244.89	12.29	20.43	1.05	1.18	0.07	-3.08	42.00
631.777	4.31	54.06	233.00	12.29	20.43	1.05	1.18	0.08	-3.21	42.00
631.784	4.25	54.06	229.75	12.29	20.42	1.05	1.18	0.08	-3.23	42.00
631.868	2.45	54.06	132.45	12.29	20.34	1.04	1.18	0.12	-3.36	42.00
631.895	2.21	54.06	119.47	12.30	20.29	1.04	1.18	0.11	-3.24	42.00
631.958	0.94	54.06	50.82	12.30	20.16	1.04	1.18	0.08	-2.93	42.00
632.002	1.88	54.06	101.63	12.30	19.94	1.04	1.18	-0.08	-2.51	42.00
632.094	1.96	54.06	105.96	12.30	20.02	1.04	1.18	-0.12	-2.13	42.00
632.181	2.76	54.06	149.21	12.30	20.26	1.03	1.18	0.05	-3.09	42.00
632.229	2.61	54.06	141.10	12.31	20.26	1.03	1.18	0.08	-3.31	42.00
632.316	2.45	54.06	132.45	12.31	20.23	1.03	1.18	-0.04	-3.72	42.00
632.342	2.55	54.06	137.85	12.31	20.23	1.03	1.18	-0.07	-3.84	42.00
632.365	2.58	54.06	139.47	12.31	20.22	1.02	1.18	-0.06	-3.81	42.00
632.454	2.46	54.06	132.99	12.31	20.25	1.01	1.18	-0.00	-3.46	42.00
632.496	2.19	54.06	118.39	12.32	20.22	1.00	1.18	0.05	-3.01	42.00
632.545	2.07	54.06	111.90	12.32	20.18	0.99	1.18	0.04	-2.61	42.00
632.746	1.97	54.06	106.50	12.32	20.23	0.95	1.18	0.03	-3.00	42.00
632.821	1.58	54.06	85.41	12.32	20.18	0.94	1.18	0.01	-3.55	42.00
632.837	1.52	54.06	82.17	12.33	20.17	0.94	1.18	0.03	-3.64	42.00
632.924	1.72	54.06	92.98	12.33	20.13	0.92	1.18	0.00	-4.11	42.00
633.027	1.04	54.06	56.22	12.33	20.09	0.90	1.18	0.01	-4.49	42.00
633.031	1.07	54.06	57.84	12.33	20.08	0.90	1.18	0.01	-4.51	42.00
633.081	1.09	54.06	58.93	12.33	20.09	0.89	1.18	0.01	-4.69	42.00
633.105	1.00	54.06	54.06	12.33	20.10	0.89	1.18	0.02	-4.89	42.00
633.194	0.06	54.06	3.24	12.33	20.12	0.87	1.18	0.31	-5.61	42.00
633.209	0.06	54.06	3.24	12.33	20.13	0.87	1.18	0.28	-5.67	42.00
633.309	0.58	54.06	31.35	12.33	20.15	0.85	1.18	0.01	-5.96	42.00
633.486	0.34	54.06	18.38	12.33	19.80	0.82	1.18	0.01	-5.36	42.00
633.511	0.36	54.06	19.46	12.33	19.85	0.81	1.18	0.05	-5.38	42.00
633.667	-0.63	54.06	-34.06	12.33	19.67	0.78	1.18	0.09	-5.47	42.00
633.757	-0.45	54.06	-24.33	12.33	19.42	0.77	1.19	-0.11	-4.92	42.00
633.801	-0.19	54.06	-10.27	12.33	19.38	0.77	1.19	-0.14	-4.79	42.00
633.849	0.28	54.06	15.14	12.33	19.41	0.77	1.19	-0.08	-4.56	42.00
633.939	1.22	54.06	65.95	12.33	19.48	0.76	1.19	0.05	-4.38	42.00
634.007	1.08	54.06	58.38	12.33	19.48	0.75	1.19	0.10	-4.42	42.00
634.061	0.67	54.06	36.22	12.33	19.49	0.75	1.19	0.19	-4.43	42.00
634.096	0.20	54.06	10.81	12.34	19.44	0.74	1.19	0.15	-4.39	42.00
634.225	0.30	54.06	16.22	12.34	19.27	0.73	1.19	-0.02	-3.90	42.00
634.278	0.38	54.06	20.54	12.34	19.26	0.73	1.19	0.01	-3.71	41.65
634.301	0.24	54.06	12.97	12.34	19.25	0.72	1.19	0.06	-3.44	41.44
634.390	0.19	54.05	10.27	12.34	19.08	0.72	1.19	0.10	-2.68	41.00
634.514	0.74	54.05	40.00	12.34	18.87	0.71	1.19	0.01	-1.72	41.00
634.592	0.98	54.05	52.97	12.34	18.97	0.70	1.19	0.14	-1.71	41.00
634.685	0.52	54.05	28.11	12.34	18.88	0.69	1.19	0.10	-1.78	41.00
634.724	0.51	54.05	27.57	12.34	18.84	0.69	1.19	-0.00	-1.70	41.00
634.777	1.16	54.05	62.70	12.34	18.79	0.68	1.19	-0.06	-1.42	41.00
634.860	2.29	54.05	123.77	12.34	18.58	0.68	1.19	-0.12	-0.95	41.00
634.889	2.67	54.05	144.31	12.34	18.65	0.67	1.19	-0.04	-0.93	41.00
635.040	1.29	54.05	69.72	12.35	18.90	0.66	1.19	0.22	-1.48	41.00
635.064	1.23	54.05	66.48	12.35	18.84	0.66	1.19	0.18	-1.50	41.00
635.129	2.74	54.05	148.10	12.35	18.74	0.66	1.19	0.06	-1.62	41.00
635.224	4.26	54.05	230.25	12.36	18.84	0.66	1.19	-0.12	-1.91	41.00
635.245	4.65	54.05	251.33	12.36	18.89	0.66	1.19	-0.10	-1.96	41.00
635.278	4.94	54.05	267.01	12.36	18.98	0.66	1.19	-0.03	-1.99	41.00
635.354	4.32	54.05	233.50	12.36	19.18	0.66	1.19	0.13	-2.10	41.00
635.399	4.24	54.05	229.17	12.37	19.30	0.66	1.19	0.22	-2.18	41.00
635.440	3.65	54.05	197.28	12.37	19.44	0.66	1.19	0.28	-2.38	41.00
635.582	2.30	54.05	124.31	12.38	19.41	0.66	1.19	0.11	-4.23	41.00
635.626	2.19	54.05	118.37	12.38	19.42	0.66	1.19	0.06	-4.33	41.00
635.630	2.20	54.05	118.91	12.38	19.42	0.66	1.20	0.05	-4.34	41.00
635.698	1.46	54.05	78.91	12.38	19.32	0.66	1.20	0.08	-4.19	41.00
635.808	2.20	54.05	118.91	12.38	19.32	0.65	1.20	-0.03	-3.75	41.00
635.924	1.86	54.05	100.53	12.39	19.68	0.65	1.20	0.23	-3.78	41.00
635.962	1.01	54.05	54.59	12.39	19.68	0.65	1.20	0.33	-3.85	41.00
635.986	0.72	54.05	38.92	12.39	19.61	0.65	1.20	0.22	-3.91	41.00
636.054	0.75	54.05	40.54	12.39	19.51	0.65	1.20	0.05	-4.01	41.00
636.074	0.83	54.05	44.86	12.39	19.49	0.65	1.20	0.09	-4.01	41.00
636.076	0.83	54.05	44.86	12.39	19.49	0.65	1.20	0.09	-4.02	41.00
636.234	-2.87	54.05	-155.12	12.39	19.30	0.65	1.20	0.29	-4.22	41.00
636.256	-3.32	54.05	-179.45	12.38	19.27	0.65	1.20	0.25	-4.28	41.00
636.367	-4.91	54.05	-265.39	12.38	18.59	0.65	1.20	0.02	-4.57	41.00
636.439	-5.14	54.05	-277.82	12.37	18.26	0.65	1.20	-0.01	-4.72	41.00
636.485	-4.96	54.05	-268.09	12.37	18.10	0.65	1.20	-0.09	-4.84	41.00
636.596	-3.99	54.05	-215.66	12.36	17.90	0.65	1.20	-0.08	-4.74	41.00
636.637	-4.09	54.05	-221.06	12.36	17.85	0.65	1.20	-0.03	-4.74	41.00
636.709	-3.83	54.05	-207.01	12.35	17.76	0.65	1.20	0.05	-4.76	41.00
636.796	-4.06	54.05	-219.44	12.35	17.32	0.65	1.20	0.00	-5.04	41.00
636.839	-4.16	54.05	-224.85	12.35	17.30	0.65	1.20	0.02	-5.28	41.00
636.887	-4.21	54.05	-227.55	12.34	17.25	0.65	1.20	0.01	-5.56	41.00
636.938	-4.15	54.05	-224.31	12.34	17.16	0.65	1.20	0.05	-5.90	41.00
637.042	-5.11	54.05	-276.20	12.33	16.79	0.65	1.20	0.17	-6.49	41.00
637.222	-6.20	54.05	-335.11	12.32	15.85	0.65	1.20	0.07	-5.95	41.00
637.248	-6.18	54.05	-334.03	12.32	15.72	0.65	1.20	0.05	-5.96	41.00
637.357	-5.91	54.05	-319.44	12.31	15.02	0.65	1.20	-0.02	-6.00	41.00
637.427	-4.20	54.05	-227.01	12.30	15.00	0.65	1.20	-0.13	-5.38	41.00
637.446	-4.15	54.05	-224.31	12.30	14.99	0.65	1.20	-0.17	-5.21	41.00
637.473	-3.98	54.05	-215.12	12.30	14.98	0.65	1.20	-0.04	-4.47	41.00
637.560	-4.31	54.05	-232.96	12.29	14.66	0.65	1.20	0.22	-2.68	41.00
637.652	-4.61	54.05	-249.17	12.29	14.32	0.65	1.21	0.28	-1.79	41.00
637.739	-4.79	54.05	-258.90	12.28	13.92	0.65	1.21	0.20	-1.61	41.00
637.833	-4.73	54.05	-255.66	12.27	13.33	0.65	1.21	0.06	-2.62	41.00
637.926	-3.95	54.05	-213.50	12.27	13.00	0.64	1.21	-0.11	-3.50	41.00
637.965	-3.65	54.05	-197.28	12.27	13.00	0.64	1.21	-0.06	-3.51	41.00
638.031	-3.63	54.05	-196.20	12.26	12.88	0.64	1.21	0.17	-3.22	41.00
638.150	-4.42	54.05	-238.90	12.25	12.00	0.63	1.21	0.16	-2.46	41.00
638.213	-3.69	54.05	-199.44	12.25	11.66	0.63	1.21	-0.05	-1.89	41.00
638.305	-2.66	54.05	-143.77	12.25	11.11	0.63	1.21	-0.08	-1.84	41.00
638.352	-2.32	54.05	-125.40	12.24	11.04	0.63	1.21	-0.08	-2.01	41.00
638.436	-0.73	54.05	-39.46	12.24	11.11	0.62	1.21	-0.04	-2.59	41.00
638.462	-0.50	54.05	-27.02	12.24	11.11	0.62	1.21	-0.05	-2.57	41.00
638.571	0.20	54.05	10.81	12.24	11.22	0.62	1.21	0.04	-2.17	41.00
638.598	0.24	54.05	12.97	12.24	11.24	0.62	1.21	0.08	-2.03	41.00
638.798	0.76	54.05	41.08	12.24	11.29	0.61	1.21	0.18	-1.23	41.00
638.799	0.81	54.05	43.78	12.24	11.29	0.61	1.21	0.18	-1.24	41.00
638.887	1.50	54.05	81.07	12.24	11.47	0.61	1.21	0.20	-1.83	41.00
638.934	1.60	54.05	86.48	12.25	11.43	0.61	1.21	0.17	-2.30	41.00
638.976	2.11	54.05	114.05	12.25	11.45	0.60	1.21	0.15	-3.58	41.00
639.137	1.61	54.05	87.02	12.25	11.51	0.60	1.21	0.09	-5.53	41.00
639.181	1.73	54.05	93.51	12.25	11.48	0.60	1.21	0.00	-5.79	41.00
639.293	2.48	54.05	134.04	12.26	11.68	0.60	1.21	0.01	-4.96	41.00
639.315	2.60	54.05	140.53	12.26	11.69	0.60	1.21	0.06	-4.86	41.00
639.374	2.65	54.05	143.23	12.26	11.73	0.60	1.21	0.06	-4.76	41.00
639.391	3.04	54.05	164.31	12.26	11.76	0.60	1.21	0.07	-4.69	41.00
639.535	3.92	54.05	211.88	12.27	11.83	0.60	1.21	0.00	-4.26	41.00
639.566	4.25	54.05	229.71	12.27	11.89	0.60	1.21	-0.01	-4.14	41.00
639.610	4.64	54.05	250.79	12.27	12.10	0.60	1.21	0.03	-3.98	41.00
639.613	4.91	54.05	265.39	12.27	12.11	0.60	1.21	0.03	-3.97	41.00
639.770	5.99	54.05	323.76	12.29	12.68	0.60	1.21	0.02	-3.97	41.00
639.813	6.44	54.05	348.08	12.29	12.87	0.60	1.21	0.01	-4.01	41.00
639.947	7.44	54.05	402.13	12.30	13.46	0.60	1.21	0.16	-3.54	41.00
640.061	7.36	54.05	397.81	12.32	13.70	0.60	1.21	0.12	-2.46	41.00
640.082	7.37	54.05	398.35	12.32	13.79	0.60	1.21	0.11	-2.37	41.00
640.172	7.70	54.05	416.19	12.33	14.09	0.60	1.21	0.14	-1.60	41.00
640.262	7.01	54.05	378.89	12.34	14.29	0.60	1.21	0.14	-1.12	41.00
640.309	7.08	54.05	382.67	12.34	14.38	0.60	1.21	0.05	-0.94	41.00
640.442	9.19	54.05	496.72	12.36	14.77	0.60	1.21	-0.04	-1.74	41.00
640.506	10.00	54.05	540.50	12.37	15.33	0.60	1.21	0.11	-2.99	41.00
640.574	9.14	54.05	494.02	12.38	15.65	0.60	1.21	0.27	-4.43	41.00
640.620	8.52	54.05	460.51	12.39	15.55	0.60	1.21	0.12	-5.19	41.00
640.669	8.46	54.05	457.26	12.39	15.52	0.60	1.21	0.03	-5.62	41.00
640.799	9.50	54.05	513.48	12.41	15.71	0.60	1.21	-0.29	-5.46	41.00
640.827	10.06	54.05	543.74	12.41	15.80	0.60	1.22	-0.32	-5.41	41.00
640.889	11.42	54.05	617.25	12.42	16.07	0.60	1.22	-0.04	-4.80	41.00
640.943	11.45	54.05	618.87	12.43	16.39	0.60	1.22	0.06	-4.48	41.00
640.983	10.96	54.05	592.39	12.44	16.55	0.60	1.22	0.11	-4.12	41.00
641.093	9.75	54.05	526.99	12.46	16.69	0.60	1.22	0.15	-3.40	41.00
641.138	9.66	54.05	522.12	12.46	16.69	0.60	1.22	-0.06	-3.25	41.00
641.182	11.44	54.05	618.33	12.47	16.92	0.60	1.22	-0.28	-3.08	41.00
641.274	14.14	54.05	764.27	12.49	17.44	0.60	1.22	-0.04	-3.17	41.00
641.298	14.82	54.05	801.02	12.49	18.04	0.60	1.22	0.12	-3.23	41.00
641.366	13.59	54.05	734.54	12.51	18.16	0.60	1.22	0.20	-3.43	41.00
641.497	11.75	54.05	635.09	12.53	18.80	0.60	1.22	0.13	-3.23	41.00
641.545	11.50	54.05	621.57	12.54	18.89	0.60	1.22	0.11	-3.19	41.00
641.654	11.05	54.05	597.25	12.56	19.25	0.60	1.22	-0.04	-4.06	41.00
641.702	11.18	54.05	604.28	12.57	19.39	0.60	1.22	-0.03	-4.33	41.00
641.748	11.12	54.05	601.04	12.57	19.62	0.60	1.22	-0.00	-4.50	41.00
641.813	8.83	54.05	477.26	12.58	19.90	0.59	1.22	0.22	-4.99	41.00
641.903	7.08	54.05	382.67	12.59	20.07	0.57	1.22	0.23	-5.09	41.00
642.015	4.23	54.05	228.63	12.60	19.94	0.55	1.22	-0.07	-4.42	41.00
642.061	4.32	54.05	233.50	12.61	19.87	0.54	1.22	-0.12	-4.18	41.00
642.194	2.96	54.05	159.99	12.61	19.81	0.51	1.22	-0.21	-3.78	41.00
642.239	3.65	54.05	197.28	12.62	19.90	0.50	1.22	-0.17	-3.70	41.00
642.351	3.32	54.05	179.45	12.62	20.12	0.48	1.22	0.07	-3.49	41.00
642.378	3.16	54.05	170.80	12.62	20.17	0.47	1.22	0.08	-3.50	41.00
642.536	2.45	54.05	132.42	12.63	20.00	0.44	1.22	-0.02	-3.90	41.00
642.580	2.03	54.05	109.72	12.63	20.18	0.43	1.22	0.07	-4.05	41.00
642.669	0.72	54.05	38.92	12.63	20.03	0.41	1.22	0.13	-4.28	41.00
642.779	0.63	54.05	34.05	12.64	19.84	0.38	1.22	-0.16	-4.51	41.00
642.807	0.71	54.05	38.38	12.64	19.79	0.38	1.23	-0.24	-4.57	41.00
642.848	1.18	54.05	63.78	12.64	19.78	0.37	1.23	-0.16	-4.67	41.00
642.920	1.44	54.05	77.83	12.64	19.81	0.35	1.23	-0.07	-4.81	41.00
642.941	1.51	54.05	81.62	12.64	19.80	0.35	1.23	-0.03	-4.87	41.00
643.140	2.06	54.05	111.34	12.64	19.67	0.31	1.23	-0.18	-5.06	41.00
643.141	2.53	54.05	136.75	12.64	19.67	0.31	1.23	-0.18	-5.06	41.00
643.239	4.58	54.05	247.55	12.65	19.95	0.30	1.23	-0.14	-4.83	41.00
643.274	5.00	54.05	270.25	12.65	20.17	0.30	1.23	-0.02	-4.71	41.00
643.320	4.62	54.05	249.71	12.65	20.32	0.30	1.23	0.07	-4.71	41.00
643.390	3.50	54.05	189.17	12.66	20.20	0.29	1.23	0.08	-4.68	41.00
643.429	3.49	54.05	188.63	12.66	20.13	0.29	1.23	0.03	-4.66	41.00
643.480	4.27	54.05	230.79	12.66	20.25	0.29	1.23	-0.03	-4.46	41.00
643.570	4.82	54.05	260.52	12.67	20.52	0.28	1.23	0.12	-4.25	41.00
643.620	4.60	54.05	248.63	12.67	20.51	0.28	1.23	0.12	-4.27	41.00
643.680	4.66	54.05	251.87	12.68	20.41	0.28	1.23	-0.02	-4.37	41.00
643.728	5.14	54.05	277.82	12.68	20.45	0.27	1.23	-0.12	-4.41	41.00
643.805	6.92	54.05	374.03	12.69	20.73	0.27	1.23	-0.03	-4.77	41.00
643.904	6.64	54.05	358.89	12.70	21.09	0.26	1.23	0.08	-4.70	41.00
643.972	5.85	54.05	316.19	12.70	21.19	0.26	1.23	-0.01	-3.53	41.00
644.085	7.13	54.05	385.38	12.72	21.08	0.25	1.23	-0.11	-1.43	41.00
644.123	7.93	54.05	428.62	12.72	21.14	0.25	1.23	-0.03	-0.74	41.00
644.174	8.07	54.05	436.18	12.73	21.37	0.25	1.23	0.08	0.19	41.00
644.200	8.15	54.05	440.51	12.73	21.48	0.25	1.23	0.09	0.21	41.00
644.334	8.57	54.05	463.21	12.75	21.63	0.24	1.23	0.02	-0.62	41.00
644.356	8.52	54.05	460.51	12.75	21.71	0.24	1.23	-0.03	-0.80	41.00
644.469	10.25	54.05	554.01	12.76	22.13	0.23	1.23	-0.01	-1.48	41.00
644.512	10.46	54.05	565.36	12.77	22.17	0.23	1.23	-0.02	-1.61	41.00
644.537	10.68	54.05	577.25	12.78	22.20	0.22	1.23	-0.03	-1.65	41.00
644.719	9.12	54.05	492.94	12.80	22.68	0.20	1.23	0.17	-1.51	41.00
644.781	9.79	54.05	529.15	12.81	22.84	0.20	1.24	0.14	-2.75	41.00
644.829	9.73	54.05	525.91	12.82	22.97	0.19	1.24	0.11	-3.73	41.00
644.884	10.27	54.05	555.09	12.83	23.23	0.19	1.24	0.10	-4.50	41.00
644.967	12.67	54.05	684.81	12.84	23.74	0.18	1.24	0.09	-5.64	41.00
645.013	12.42	54.05	671.30	12.85	23.87	0.17	1.24	0.22	-5.68	41.00
645.165	10.82	54.05	584.82	12.88	24.34	0.16	1.24	1.08	-4.68	41.00
645.213	9.08	54.05	490.77	12.88	24.59	0.15	1.24	1.29	-4.41	41.00
645.238	6.85	54.05	370.24	12.89	24.55	0.15	1.24	1.47	-4.58	41.00
645.325	4.77	54.05	257.82	12.89	24.40	0.14	1.24	2.04	-5.62	41.00
645.424	2.68	54.05	144.85	12.90	24.40	0.13	1.24	2.09	-6.01	41.00
645.439	1.80	54.05	97.29	12.90	24.34	0.13	1.24	2.10	-6.06	41.00
645.526	0.14	54.05	7.57	12.90	23.98	0.12	1.24	2.17	-5.82	41.00
645.571	0.27	54.05	14.59	12.90	23.95	0.12	1.24	2.17	-5.80	41.00
645.595	0.28	54.05	15.13	12.90	23.93	0.11	1.24	2.21	-5.71	41.00
645.706	3.31	54.05	178.91	12.90	24.18	0.10	1.24	2.66	-3.91	41.00
645.762	3.58	54.05	193.50	12.91	24.24	0.10	1.24	2.84	-3.53	41.00
645.839	1.98	54.05	107.02	12.91	24.41	0.09	1.24	3.30	-2.50	41.00
645.998	-1.64	54.05	-88.64	12.91	23.86	0.08	1.24	3.81	-1.48	41.00
646.051	-2.13	54.05	-115.13	12.91	23.71	0.08	1.24	3.92	-1.84	41.00
646.244	-5.49	54.05	-296.73	12.90	23.11	0.07	1.25	4.59	-2.70	41.00
646.282	-5.50	54.05	-297.27	12.89	22.95	0.07	1.25	4.46	-2.61	41.00
646.379	-4.81	54.05	-259.98	12.89	22.55	0.07	1.25	4.18	-2.50	41.00
646.498	-2.12	54.05	-114.59	12.88	22.06	0.06	1.25	4.06	-2.72	41.00
646.585	-1.28	54.05	-69.18	12.88	22.16	0.06	1.25	4.40	-3.52	41.00
646.742	-1.64	54.05	-88.64	12.88	21.87	0.05	1.25	4.11	-4.67	41.00
646.829	-0.32	54.05	-17.30	12.87	21.92	0.05	1.25	3.99	-4.66	41.00
646.881	-0.13	54.05	-7.03	12.87	21.94	0.04	1.25	3.99	-4.56	41.00
646.928	-0.28	54.05	-15.13	12.87	21.82	0.04	1.25	4.04	-4.29	41.00
647.083	-2.35	54.05	-176.74	12.87	21.42	0.03	1.25	4.05	-3.43	41.00
647.083	-3.27	54.05	-176.74	12.87	21.42	0.03	1.25	4.05	-3.43	41.00
647.303	-2.98	54.05	-161.07	12.86	20.86	0.03	1.25	3.16	-3.38	41.00
647.346	-2.81	54.05	-151.88	12.86	20.76	0.03	1.25	3.02	-3.28	41.00
647.371	-2.38	54.05	-128.64	12.86	20.72	0.03	1.25	2.88	-3.29	41.00
647.461	-0.55	54.05	-29.73	12.86	20.65	0.03	1.25	2.45	-3.32	41.00
647.483	0.26	54.05	14.05	12.86	20.63	0.03	1.25	2.37	-3.31	41.00
647.568	0.74	54.05	40.00	12.86	20.64	0.03	1.25	2.29	-3.29	41.00
647.594	1.82	54.05	98.37	12.86	20.69	0.03	1.25	2.26	-3.29	41.00
647.693	1.34	54.05	72.43	12.86	20.90	0.03	1.25	2.10	-3.19	41.00
647.729	1.22	54.05	65.94	12.86	20.92	0.03	1.25	1.99	-3.18	41.00
647.805	1.25	54.05	67.56	12.86	20.87	0.03	1.25	1.77	-3.26	41.00
647.925	0.35	54.05	18.92	12.86	20.83	0.03	1.25	1.46	-3.58	41.00
647.926	0.27	54.05	14.59	12.86	20.81	0.03	1.25	1.46	-3.58	41.00
647.935	0.26	54.05	14.05	12.86	20.66	0.03	1.25	1.27	-3.64	41.00
647.938	0.42	54.05	22.70	12.86	20.60	0.03	1.25	1.20	-3.66	41.00
648.183	3.20	54.05	172.96	12.87	20.78	0.03	1.25	0.28	-3.82	41.00
648.228	3.56	54.05	192.42	12.87	20.82	0.03	1.26	0.22	-3.83	41.00
648.339	4.51	54.05	243.77	12.88	21.02	0.03	1.26	0.08	-3.85	41.00
648.430	5.43	54.05	293.49	12.89	21.05	0.03	1.26	0.01	-3.80	41.00
648.620	5.32	54.05	287.55	12.90	21.67	0.01	1.26	0.13	-3.89	41.00
648.679	4.21	54.05	227.55	12.90	21.84	0.00	1.26	0.25	-3.83	41.00
648.742	2.39	54.05	129.18	12.91	21.71	-0.01	1.26	0.45	-3.65	41.00
648.788	1.30	54.05	70.27	12.91	21.62	-0.01	1.26	0.26	-3.45	41.00
648.855	0.29	54.05	15.67	12.91	21.64	-0.02	1.26	0.35	-3.25	41.00
648.968	0.24	54.05	12.97	12.91	21.50	-0.04	1.26	0.14	-3.13	41.00
648.994	0.21	54.05	11.35	12.91	21.31	-0.04	1.26	0.09	-3.17	41.00
649.126	0.99	54.05	53.51	12.91	20.94	-0.06	1.26	-0.30	-3.48	41.00
649.174	1.17	54.05	63.24	12.91	21.13	-0.07	1.26	-0.23	-3.45	41.00
649.236	1.73	54.05	93.51	12.91	21.18	-0.08	1.26	-0.08	-3.37	41.00
649.261	1.71	54.05	92.43	12.91	21.30	-0.09	1.26	0.23	-3.35	41.00
649.285	0.94	54.05	50.81	12.92	21.41	-0.09	1.26	0.35	-3.37	41.00
649.573	2.73	54.05	147.56	12.92	21.18	-0.13	1.26	0.19	-2.82	41.00
649.709	2.20	54.05	118.91	12.93	21.16	-0.16	1.26	-0.00	-3.05	41.00
649.777	2.58	54.05	139.45	12.93	21.10	-0.17	1.26	-0.04	-3.03	41.00
649.888	2.02	54.05	109.18	12.93	21.29	-0.18	1.26	0.16	-3.36	41.00
649.890	1.96	54.05	105.94	12.93	21.29	-0.18	1.26	0.17	-3.37	41.00
650.136	1.95	54.05	105.40	12.94	21.35	-0.19	1.27	0.21	-3.67	41.00
650.161	1.47	54.05	79.45	12.94	21.31	-0.20	1.27	0.19	-3.80	41.00
650.251	0.35	54.05	18.92	12.94	21.17	-0.20	1.27	0.17	-4.57	41.00
650.408	0.69	54.05	37.29	12.94	21.09	-0.21	1.27	0.00	-5.20	41.00
650.455	0.80	54.05	43.24	12.95	21.00	-0.21	1.27	-0.06	-5.35	41.00
650.500	1.42	54.05	76.75	12.95	20.93	-0.21	1.27	-0.11	-5.62	41.00
650.610	1.74	54.05	94.05	12.95	21.23	-0.22	1.27	0.12	-5.16	41.00
650.634	1.23	54.05	66.48	12.95	21.27	-0.22	1.27	0.19	-5.06	41.00
650.680	0.87	54.05	47.02	12.95	21.12	-0.22	1.27	0.21	-4.89	41.00
650.702	1.06	54.05	57.29	12.95	21.05	-0.22	1.27	0.12	-4.46	41.00
650.857	-0.58	54.05	-31.35	12.95	20.90	-0.23	1.27	0.13	-3.57	41.00
650.991	-1.18	53.96	-63.67	12.95	20.77	-0.24	1.27	0.17	-3.14	40.00
651.007	-1.24	53.96	-66.91	12.95	20.75	-0.24	1.27	0.18	-3.10	40.00
651.061	-1.66	53.96	-89.57	12.95	20.68	-0.24	1.27	0.20	-2.99	40.00
651.178	-1.74	53.96	-93.89	12.94	20.27	-0.25	1.27	-0.03	-2.81	40.00
651.242	-1.17	53.96	-63.13	12.94	20.19	-0.25	1.27	-0.09	-2.65	40.00
651.283	-0.97	53.96	-52.34	12.94	20.18	-0.26	1.27	0.02	-2.74	40.00
651.376	-1.14	53.96	-61.51	12.94	20.14	-0.27	1.27	0.14	-2.97	40.00
651.419	-1.16	53.96	-62.59	12.94	20.13	-0.27	1.27	0.19	-3.12	40.00
651.450	-1.47	53.96	-79.32	12.94	20.03	-0.27	1.27	0.23	-3.24	40.00
651.467	-2.02	53.96	-109.00	12.94	19.95	-0.28	1.27	0.16	-3.35	40.00
651.582	-1.39	53.96	-75.00	12.94	19.67	-0.29	1.27	-0.03	-3.99	40.00
651.621	-1.04	53.96	-56.12	12.94	19.66	-0.29	1.27	-0.10	-4.09	40.00
651.712	-1.35	53.96	-72.85	12.93	19.58	-0.30	1.27	0.09	-4.55	40.00
651.823	-1.40	53.96	-75.54	12.93	19.41	-0.31	1.27	0.00	-5.10	40.00
651.891	-1.10	53.96	-59.36	12.93	19.53	-0.32	1.27	-0.02	-5.15	40.00
651.992	-2.13	53.96	-114.93	12.93	19.56	-0.33	1.27	0.24	-5.01	40.00
652.072	-3.91	53.96	-210.98	12.92	19.14	-0.34	1.27	-0.02	-4.59	40.00
652.142	-2.33	53.96	-125.73	12.92	18.78	-0.35	1.28	-0.19	-4.23	40.00
652.164	-2.25	53.96	-121.41	12.92	18.89	-0.35	1.28	-0.15	-4.14	40.00
652.168	-2.16	53.96	-116.55	12.92	18.90	-0.35	1.28	-0.13	-4.12	40.00
652.207	-2.21	53.96	-119.25	12.92	18.89	-0.35	1.28	0.08	-3.84	40.00
652.299	-4.04	53.96	-218.00	12.91	18.59	-0.36	1.28	0.28	-3.38	40.00
652.346	-4.39	53.96	-236.88	12.91	18.47	-0.37	1.28	0.22	-3.28	40.00
652.409	-4.97	53.96	-268.18	12.91	18.22	-0.37	1.28	0.16	-2.99	40.00
652.435	-5.00	53.96	-269.80	12.91	18.12	-0.38	1.28	0.15	-2.98	40.00
652.659	-4.12	53.96	-222.32	12.89	17.26	-0.39	1.28	-0.05	-2.91	40.00
652.683	-3.99	53.96	-215.30	12.89	17.24	-0.39	1.28	-0.02	-2.72	40.00
652.792	-3.72	53.96	-200.73	12.88	16.98	-0.39	1.28	0.15	-1.84	40.00
652.840	-3.72	53.96	-200.73	12.88	16.92	-0.39	1.28	0.16	-1.70	40.00
652.907	-3.79	53.96	-204.51	12.88	16.89	-0.39	1.28	0.16	-1.60	40.00
653.018	-3.93	53.96	-212.06	12.87	16.49	-0.39	1.28	0.13	-1.35	40.00
653.044	-3.81	53.96	-205.59	12.87	16.36	-0.39	1.28	0.13	-1.33	40.00
653.107	-3.82	53.96	-206.13	12.86	16.29	-0.39	1.28	0.14	-1.35	40.00
653.175	-3.85	53.96	-207.75	12.86	16.16	-0.39	1.28	0.12	-1.41	40.00
653.219	-3.98	53.96	-214.76	12.86	16.08	-0.39	1.28	0.20	-1.45	40.00
653.265	-4.29	53.96	-231.49	12.85	15.91	-0.40	1.28	0.24	-1.61	40.00
653.401	-5.12	53.96	-276.28	12.85	15.34	-0.40	1.28	0.20	-2.73	40.00
653.449	-5.27	53.96	-284.37	12.84	15.25	-0.40	1.28	0.18	-2.87	40.00
653.475	-5.41	53.96	-291.92	12.84	15.10	-0.40	1.28	0.11	-3.09	40.00
653.562	-5.46	53.96	-294.62	12.83	14.59	-0.40	1.28	0.06	-3.18	40.00
653.620	-5.39	53.96	-290.84	12.83	14.34	-0.40	1.28	0.06	-3.14	40.00
653.676	-5.05	53.96	-272.50	12.82	14.10	-0.40	1.28	0.06	-3.09	40.00
653.741	-4.95	53.96	-267.10	12.82	13.94	-0.40	1.28	0.09	-3.10	40.00
653.919	-4.40	53.96	-237.42	12.81	13.36	-0.40	1.28	0.09	-4.03	40.00
653.941	-4.15	53.96	-223.93	12.80	13.18	-0.41	1.28	0.06	-4.31	40.00
654.030	-3.84	53.96	-207.21	12.80	12.93	-0.43	1.28	0.09	-4.37	40.00
654.080	-3.91	53.96	-210.98	12.80	12.79	-0.44	1.28	0.18	-4.04	40.00
654.191	-4.21	53.96	-227.17	12.79	12.36	-0.46	1.28	0.26	-3.54	40.00
654.246	-4.25	53.96	-229.33	12.79	12.05	-0.48	1.28	0.21	-3.64	40.00
654.380	-4.04	53.96	-218.00	12.78	11.54	-0.51	1.29	0.04	-4.76	40.00
654.391	-3.90	53.96	-210.44	12.78	11.45	-0.51	1.29	0.01	-4.85	40.00
654.527	-2.96	53.96	-159.72	12.77	11.09	-0.54	1.29	-0.02	-4.09	40.00
654.573	-2.84	53.96	-153.25	12.77	11.05	-0.55	1.29	0.12	-3.66	40.00
654.683	-2.99	53.96	-161.34	12.76	10.61	-0.58	1.29	0.29	-3.00	40.00
654.796	-2.76	53.96	-148.93	12.76	10.12	-0.60	1.29	0.15	-2.37	40.00
654.841	-2.70	53.96	-145.69	12.76	9.97	-0.61	1.29	0.16	-2.23	40.00
654.883	-2.64	53.96	-142.45	12.75	9.79	-0.62	1.29	0.14	-2.10	40.00
654.974	-2.44	53.96	-131.66	12.75	9.42	-0.64	1.29	0.10	-2.33	40.00
655.022	-2.30	53.96	-124.11	12.75	9.34	-0.66	1.29	0.09	-2.43	40.00
655.112	-1.86	53.96	-100.37	12.75	9.25	-0.68	1.29	0.13	-2.50	40.00
655.199	-1.60	53.96	-86.34	12.74	9.05	-0.70	1.29	0.18	-2.26	40.00
655.226	-1.58	53.96	-85.26	12.74	8.99	-0.70	1.29	0.18	-2.24	40.00
655.313	-1.13	53.96	-60.97	12.74	8.74	-0.71	1.29	0.11	-2.70	40.00
655.379	-0.90	53.96	-48.56	12.74	8.64	-0.71	1.29	0.13	-3.49	40.00
655.406	-0.88	53.96	-47.48	12.74	8.60	-0.71	1.29	0.13	-3.83	40.00
655.514	-0.41	53.96	-22.12	12.74	8.45	-0.71	1.29	-0.00	-5.04	40.00
655.561	-0.02	53.96	-1.08	12.74	8.42	-0.71	1.29	-0.14	-5.44	40.00
655.740	0.09	53.96	4.86	12.74	8.70	-0.71	1.29	0.30	-5.77	40.00
655.787	-0.06	53.96	-3.24	12.74	8.60	-0.71	1.29	0.21	-5.39	40.00
655.820	-0.10	53.96	-5.40	12.74	8.50	-0.71	1.29	0.23	-5.14	40.00
655.821	-0.10	53.96	-5.40	12.74	8.50	-0.71	1.29	0.23	-5.13	40.00
655.942	-0.66	53.96	-35.61	12.74	8.14	-0.71	1.29	0.29	-4.22	40.00
655.986	-1.02	53.96	-55.04	12.74	7.79	-0.71	1.29	0.29	-3.89	40.00
656.076	-0.77	53.96	-41.55	12.74	7.18	-0.71	1.29	-0.14	-2.54	40.00
656.189	0.66	53.96	35.61	12.74	6.81	-0.71	1.29	-0.33	-1.21	40.00
656.323	6.37	53.96	343.73	12.74	7.57	-0.71	1.29	-0.24	-0.75	40.00
656.346	7.64	53.96	412.25	12.75	7.83	-0.71	1.29	-0.22	-0.67	40.00
656.373	8.37	53.96	451.65	12.75	8.19	-0.71	1.29	-0.13	-0.79	40.00
656.436	10.42	53.96	562.26	12.76	8.90	-0.71	1.29	0.26	-1.58	40.00
656.482	10.70	53.96	577.37	12.77	9.42	-0.71	1.29	0.39	-2.05	40.00
656.543	10.60	53.96	571.98	12.78	9.94	-0.71	1.29	0.53	-2.57	40.00
656.572	9.74	53.96	525.57	12.78	10.17	-0.71	1.29	0.45	-3.27	40.00
656.594	9.24	53.96	498.59	12.78	10.25	-0.71	1.29	0.40	-3.81	40.00
656.732	7.12	53.96	384.20	12.80	10.72	-0.69	1.29	0.02	-7.22	40.00
656.778	6.94	53.96	374.48	12.80	10.86	-0.68	1.29	-0.00	-7.51	40.00
656.847	5.88	53.96	317.28	12.81	11.01	-0.67	1.29	-0.09	-7.33	40.00
657.049	7.88	53.96	425.20	12.83	11.47	-0.63	1.29	0.21	-4.39	40.00
657.158	6.74	53.96	363.69	12.84	11.91	-0.61	1.29	0.40	-2.71	40.00
657.206	6.31	53.96	340.49	12.85	11.86	-0.60	1.29	0.30	-3.36	40.00
657.269	6.42	53.96	346.42	12.86	12.01	-0.59	1.29	0.09	-5.21	40.00
657.381	7.00	53.96	377.72	12.87	12.43	-0.57	1.29	-0.12	-7.37	40.00
657.451	7.21	53.96	389.05	12.87	12.62	-0.55	1.29	-0.23	-8.70	40.00
657.563	8.98	53.96	484.56	12.89	13.00	-0.53	1.29	-0.37	-10.21	40.00
657.597	9.42	53.96	508.30	12.89	13.13	-0.53	1.29	-0.30	-10.39	40.00
657.649	10.53	53.96	568.20	12.90	13.53	-0.52	1.29	-0.19	-10.62	40.00
657.699	10.55	53.96	569.28	12.91	13.99	-0.51	1.29	0.03	-10.67	40.00
657.808	8.02	53.96	432.76	12.92	14.22	-0.49	1.29	0.01	-10.63	40.00
657.836	7.92	53.96	427.36	12.93	14.24	-0.48	1.29	-0.06	-10.68	40.00
658.013	10.63	53.96	573.59	12.95	14.83	-0.46	1.30	-0.48	-11.17	40.00
658.146	13.81	53.96	745.19	12.98	15.70	-0.46	1.30	-0.29	-10.23	40.00
658.193	13.85	53.96	747.35	12.98	15.86	-0.46	1.30	-0.20	-9.99	40.00
658.221	13.69	53.96	738.71	12.99	15.99	-0.46	1.30	-0.12	-9.77	40.00
658.284	11.84	53.96	638.89	13.00	16.32	-0.46	1.30	-0.08	-8.15	40.00
658.329	11.71	53.96	631.87	13.01	16.34	-0.46	1.30	-0.11	-7.18	40.00
658.374	11.77	53.96	635.11	13.02	16.57	-0.46	1.30	-0.09	-6.47	40.00
658.401	10.57	53.96	570.36	13.02	16.73	-0.46	1.30	-0.11	-5.50	40.00
658.534	15.54	53.96	838.54	13.05	17.18	-0.46	1.30	-0.12	-1.19	40.00
658.575	15.47	53.96	834.76	13.06	17.54	-0.46	1.30	0.23	-0.31	40.00
658.689	10.97	53.96	591.94	13.08	18.37	-0.46	1.30	0.80	0.01	40.00
658.821	4.52	53.96	243.90	13.10	18.30	-0.46	1.30	0.34	-0.07	40.00
658.848	3.94	53.96	212.60	13.10	18.29	-0.46	1.30	0.56	-0.01	40.00
658.979	-0.72	53.96	-38.85	13.10	17.27	-0.46	1.30	-0.22	-0.64	40.00
659.005	-0.45	53.96	-24.28	13.10	17.26	-0.46	1.30	-0.19	-0.78	40.00
659.100	1.68	53.96	90.65	13.10	18.18	-0.46	1.30	0.01	-1.26	40.00
659.136	0.83	53.96	44.79	13.10	18.04	-0.46	1.30	0.32	-1.25	40.00
659.139	-0.46	53.96	-24.82	13.10	18.01	-0.46	1.30	0.33	-1.18	40.00
659.272	4.42	53.96	238.50	13.11	18.40	-0.46	1.30	-0.03	1.02	40.00
659.322	3.12	53.96	168.36	13.11	18.19	-0.46	1.30	0.33	1.59	40.00
659.446	-0.56	53.96	-30.22	13.11	16.94	-0.47	1.30	0.31	2.56	40.00
659.566	0.54	53.96	29.14	13.11	16.27	-0.49	1.30	-0.40	4.40	40.00
659.700	5.39	53.96	290.84	13.12	16.24	-0.50	1.30	-0.49	2.02	40.00
659.744	5.55	53.96	299.48	13.12	16.59	-0.51	1.30	-0.21	1.71	40.00
659.795	4.86	53.96	262.25	13.13	16.55	-0.51	1.30	0.02	0.79	40.00
659.924	5.21	53.96	281.13	13.14	16.71	-0.52	1.30	0.10	-1.51	40.00
659.969	4.91	53.96	264.94	13.14	16.61	-0.53	1.30	0.12	-1.79	40.00
660.060	4.89	53.96	263.86	13.15	16.19	-0.54	1.30	-0.26	-3.50	40.00
660.083	5.38	53.96	290.30	13.15	16.23	-0.54	1.30	-0.27	-3.63	40.00
660.177	7.44	53.96	401.46	13.16	16.75	-0.55	1.30	-0.11	-4.16	40.00
660.220	7.43	53.96	400.92	13.16	16.89	-0.56	1.30	-0.07	-4.35	40.00
660.263	7.31	53.96	394.45	13.17	17.00	-0.56	1.30	-0.08	-4.01	40.00
660.308	7.08	53.96	382.04	13.17	17.01	-0.56	1.30	-0.09	-3.62	40.00
660.311	7.03	53.96	379.34	13.17	17.01	-0.56	1.30	-0.09	-3.60	40.00
660.397	6.51	53.96	351.28	13.18	17.04	-0.57	1.31	-0.11	-2.86	40.00
660.534	4.40	53.96	237.42	13.19	17.70	-0.59	1.31	0.40	-0.62	40.00
660.697	0.12	54.05	6.49	13.20	17.11	-0.60	1.31	0.08	3.20	41.00
660.715	0.07	54.05	3.78	13.20	17.05	-0.60	1.31	0.02	3.44	41.00
660.846	1.05	54.05	56.75	13.20	16.83	-0.61	1.31	-0.23	4.28	41.00
660.895	1.07	54.05	57.83	13.20	16.91	-0.62	1.31	-0.24	4.44	41.00
660.983	2.16	54.05	116.75	13.20	16.97	-0.62	1.31	-0.10	4.28	41.00
661.052	2.38	54.05	128.64	13.20	16.92	-0.63	1.31	-0.11	3.86	41.00
661.074	2.30	54.05	124.31	13.20	16.97	-0.63	1.31	-0.14	3.71	41.00
661.206	4.01	54.05	216.74	13.21	17.21	-0.64	1.31	-0.11	2.91	41.00
661.365	1.83	54.05	98.91	13.22	17.25	-0.65	1.31	-0.01	2.65	41.00
661.389	1.69	54.05	91.34	13.22	17.13	-0.65	1.31	-0.03	2.63	41.00
661.389	1.67	54.05	91.34	13.22	17.13	-0.65	1.31	-0.03	2.63	41.00
661.499	4.07	54.05	219.98	13.22	17.36	-0.66	1.31	-0.23	2.22	41.00
661.547	4.18	54.05	225.93	13.23	17.45	-0.66	1.31	-0.10	1.13	41.00
661.550	4.17	54.05	225.39	13.23	17.46	-0.66	1.31	-0.09	1.06	41.00
661.613	4.25	54.05	229.71	13.23	17.57	-0.66	1.31	0.12	-0.50	41.00
661.771	2.93	54.05	158.37	13.24	17.96	-0.67	1.31	0.10	-3.92	41.00
661.859	1.79	54.05	96.75	13.24	17.86	-0.68	1.31	0.19	-5.79	41.00
661.881	1.02	54.05	55.13	13.24	17.83	-0.68	1.31	0.10	-6.26	41.00
661.951	1.36	54.05	73.51	13.24	17.73	-0.69	1.31	-0.20	-7.59	41.00
661.999	1.20	54.05	64.86	13.24	17.95	-0.69	1.31	-0.05	-8.27	41.00
662.043	1.29	54.05	69.72	13.24	17.94	-0.69	1.31	-0.02	-8.93	41.00
662.086	0.69	54.05	37.29	13.24	18.08	-0.69	1.31	0.14	-9.67	41.00
662.153	-0.46	54.05	-24.86	13.25	17.86	-0.69	1.31	-0.01	-10.41	41.00
662.200	-0.65	54.05	-35.13	13.24	17.70	-0.69	1.31	-0.13	-10.92	41.00
662.244	0.77	54.05	41.62	13.24	17.73	-0.69	1.31	-0.29	-11.25	41.00
662.287	-0.27	54.05	-14.59	13.24	18.00	-0.69	1.31	-0.06	-11.38	41.00
662.376	-0.98	54.05	-52.97	13.24	17.80	-0.69	1.31	0.00	-11.23	41.00
662.466	-1.58	54.05	-85.40	13.24	17.65	-0.69	1.31	0.14	-10.85	41.00
662.515	-2.02	54.05	-109.18	13.24	17.58	-0.69	1.32	0.10	-10.98	41.00
662.693	-0.51	54.05	-27.57	13.24	17.34	-0.69	1.32	-0.38	-9.85	41.00
662.723	-0.42	54.05	-22.70	13.24	17.32	-0.69	1.32	-0.29	-9.36	41.00
662.873	1.29	54.05	69.72	13.24	17.25	-0.69	1.32	-0.17	-4.72	41.00
662.925	1.42	54.05	76.75	13.24	17.31	-0.69	1.32	0.01	-4.30	41.00
662.992	1.71	54.05	92.43	13.24	17.15	-0.69	1.32	0.07	-3.94	41.00
663.060	2.42	54.05	130.80	13.24	17.38	-0.69	1.32	0.16	-4.28	41.00
663.122	1.82	54.05	98.37	13.25	17.47	-0.69	1.32	0.07	-4.73	41.00
663.169	2.11	54.05	114.05	13.25	17.56	-0.69	1.32	0.05	-5.00	41.00
663.254	0.71	54.05	38.38	13.25	17.61	-0.69	1.32	0.18	-5.25	41.00
663.286	0.37	54.05	20.00	13.25	17.62	-0.69	1.32	0.26	-5.40	41.00
663.383	0.79	54.05	42.70	13.25	17.45	-0.70	1.32	-0.17	-5.60	41.00
663.460	2.29	54.05	123.77	13.25	17.75	-0.71	1.32	-0.11	-5.04	41.00
663.505	2.26	54.05	122.15	13.25	17.82	-0.72	1.32	-0.00	-4.96	41.00
663.548	2.75	54.05	148.64	13.25	17.86	-0.72	1.32	0.01	-4.80	41.00
663.661	0.72	54.05	38.92	13.26	17.95	-0.74	1.32	0.20	-3.80	41.00
663.681	0.70	54.05	37.83	13.26	17.92	-0.75	1.32	0.15	-3.71	41.00
663.735	0.76	54.05	41.08	13.26	17.87	-0.76	1.32	-0.01	-3.45	41.00
663.773	0.98	54.05	52.97	13.26	18.06	-0.76	1.32	0.06	-2.93	41.00
663.817	0.18	54.05	9.73	13.26	17.99	-0.77	1.32	0.03	-2.76	41.00
663.974	0.75	54.05	40.54	13.26	17.76	-0.80	1.32	-0.27	-2.49	41.00
663.996	1.99	54.05	107.56	13.26	17.73	-0.80	1.32	-0.25	-2.51	41.00
663.998	2.15	54.05	116.21	13.26	17.74	-0.80	1.32	-0.25	-2.51	41.00
664.067	2.70	54.05	145.94	13.26	18.24	-0.81	1.32	-0.06	-2.61	41.00
664.157	0.90	54.05	48.64	13.27	18.38	-0.83	1.32	0.39	-3.14	41.00
664.203	0.05	54.05	2.70	13.27	18.08	-0.84	1.32	0.07	-3.30	41.00
664.312	-0.38	54.05	-20.54	13.27	18.71	-0.85	1.32	0.67	-3.37	41.00
664.358	-1.52	54.05	-82.16	13.26	18.73	-0.86	1.32	0.46	-3.43	41.00
664.449	0.82	54.05	44.32	13.26	17.90	-0.88	1.32	-0.52	-2.78	41.00
664.472	1.59	54.05	85.94	13.26	18.00	-0.88	1.32	-0.49	-2.59	41.00
664.560	2.79	54.05	150.80	13.27	18.84	-0.90	1.32	0.38	-2.14	41.00
664.582	1.61	54.05	87.02	13.27	18.69	-0.90	1.32	0.55	-2.34	41.00
664.694	2.43	54.05	131.34	13.27	18.68	-0.92	1.32	-0.25	-3.09	41.00
664.717	2.56	54.05	138.37	13.27	18.68	-0.92	1.32	-0.20	-3.14	41.00
664.763	2.16	54.05	116.75	13.27	18.62	-0.93	1.32	-0.09	-3.21	41.00
664.809	3.93	54.05	212.41	13.28	18.79	-0.95	1.32	-0.22	-3.20	41.00
664.832	3.70	54.04	199.94	13.28	18.81	-0.95	1.33	-0.01	-3.17	41.00
664.875	2.32	54.02	125.33	13.28	18.85	-0.96	1.33	0.19	-3.06	41.00
665.189	1.74	53.97	93.91	13.29	19.12	-1.03	1.33	-0.01	-3.73	41.00
665.346	0.00	53.97	0.00	13.29	19.07	-1.07	1.33	0.04	-5.83	41.00
665.373	0.02	53.97	1.08	13.29	19.09	-1.08	1.33	-0.00	-6.15	41.00
665.402	0.11	53.97	5.94	13.29	19.12	-1.08	1.33	-0.04	-6.41	41.00
665.415	-0.02	53.97	-1.08	13.29	19.08	-1.08	1.33	0.13	-6.84	41.00
665.504	0.24	53.97	12.95	13.29	18.81	-1.11	1.33	-0.48	-8.22	41.00
665.530	0.89	53.97	48.03	13.29	18.74	-1.11	1.33	-0.48	-8.29	41.00
665.550	1.07	53.97	57.75	13.29	18.85	-1.12	1.33	-0.46	-8.33	41.00
665.571	1.22	53.97	65.84	13.29	18.90	-1.12	1.33	-0.45	-8.37	41.00
665.685	1.46	53.97	78.80	13.29	19.14	-1.15	1.33	-0.00	-9.22	41.00
665.729	1.67	53.97	90.13	13.30	19.22	-1.16	1.33	-0.11	-9.33	41.00
665.733	1.92	53.97	103.62	13.30	19.23	-1.16	1.33	-0.11	-9.37	41.00
665.781	2.20	53.97	118.73	13.30	19.32	-1.17	1.33	-0.10	-9.92	41.00
665.863	2.86	53.97	154.35	13.30	19.52	-1.19	1.33	0.02	-10.13	41.00
665.893	2.27	53.97	122.51	13.30	19.57	-1.19	1.33	0.03	-10.10	41.00
666.005	4.72	53.97	254.74	13.31	19.91	-1.22	1.33	-0.23	-8.98	41.00
666.049	4.78	53.97	257.98	13.31	20.09	-1.23	1.33	-0.03	-8.40	41.00
666.158	4.75	53.97	256.36	13.32	20.30	-1.25	1.33	0.09	-6.44	41.00
666.207	4.83	53.97	260.68	13.32	20.38	-1.27	1.33	0.12	-5.54	41.00
666.323	0.71	53.97	38.32	13.33	20.32	-1.29	1.33	0.18	-3.67	41.00
666.361	0.47	53.97	25.37	13.33	20.18	-1.30	1.33	0.14	-3.20	41.00
666.451	-0.12	53.97	-6.48	13.33	20.31	-1.32	1.33	0.20	-2.70	41.00
666.475	-0.36	53.97	-19.43	13.33	20.32	-1.33	1.33	0.25	-2.68	41.00
666.506	0.28	53.97	15.11	13.33	20.33	-1.33	1.33	0.30	-2.66	41.00
666.595	-1.06	53.97	-57.21	13.33	20.28	-1.35	1.33	0.45	-2.59	41.00
666.719	-1.65	53.97	-89.05	13.32	19.98	-1.38	1.33	0.17	-1.55	41.00
666.746	-2.23	53.97	-120.35	13.32	19.94	-1.39	1.33	0.19	-1.34	41.00
666.833	-3.27	53.97	-176.48	13.32	19.46	-1.40	1.33	-0.03	-1.15	41.00
666.947	-0.52	53.97	-28.06	13.32	19.43	-1.43	1.33	-0.27	-1.01	41.00
667.002	-0.43	53.97	-23.21	13.32	19.53	-1.44	1.33	-0.14	-0.99	41.00
667.149	-0.66	53.97	-35.62	13.31	19.62	-1.48	1.34	0.19	-2.10	41.00
667.204	-1.54	53.97	-83.11	13.31	19.58	-1.49	1.34	0.17	-2.07	41.00
667.282	-2.04	53.97	-110.10	13.31	19.32	-1.50	1.34	0.12	-1.99	41.00
667.372	-2.88	53.97	-155.43	13.31	18.97	-1.52	1.34	0.04	-1.68	41.00
667.398	-2.75	53.97	-148.42	13.31	18.86	-1.53	1.34	-0.00	-1.59	41.00
667.443	-2.45	53.97	-132.23	13.31	18.81	-1.53	1.34	-0.07	-1.35	41.00
667.636	-0.54	53.97	-29.14	13.30	18.95	-1.55	1.34	-0.02	-0.61	41.00
667.646	0.01	53.97	0.54	13.30	18.79	-1.55	1.34	-0.02	-0.65	41.00
667.686	0.45	53.97	24.29	13.30	18.85	-1.55	1.34	-0.01	-0.79	41.00
667.731	0.41	53.97	22.13	13.30	18.87	-1.55	1.34	-0.00	-0.95	41.00
667.777	1.57	53.97	84.73	13.30	18.85	-1.56	1.34	-0.01	-0.99	41.00
667.811	2.16	53.97	116.58	13.30	18.85	-1.56	1.34	-0.03	-1.02	41.00
667.824	2.27	53.97	122.51	13.30	19.12	-1.56	1.34	-0.03	-1.03	41.00
667.889	1.38	53.97	74.48	13.31	19.22	-1.57	1.34	0.30	-0.91	41.00
668.070	1.83	53.97	98.77	13.31	19.15	-1.58	1.34	-0.05	0.05	41.00
668.094	2.00	53.97	107.94	13.31	19.21	-1.58	1.34	0.02	-0.12	41.00
668.244	2.32	53.97	125.21	13.32	19.22	-1.59	1.34	-0.02	-0.59	41.00
668.255	2.14	53.97	115.50	13.32	19.29	-1.59	1.34	-0.03	-0.89	41.00
668.277	2.55	53.97	137.62	13.32	19.41	-1.60	1.34	-0.05	-1.60	41.00
668.300	2.61	53.97	140.86	13.32	19.52	-1.60	1.34	-0.02	-1.97	41.00
668.433	1.03	53.97	55.59	13.32	19.49	-1.61	1.34	0.13	-4.03	41.00
668.456	0.95	53.98	51.28	13.32	19.49	-1.61	1.34	0.16	-4.36	41.00
668.474	0.89	53.99	48.05	13.32	19.47	-1.61	1.34	0.10	-4.48	41.00
668.478	0.82	53.99	44.27	13.32	19.47	-1.61	1.34	0.09	-4.50	41.00
668.655	2.18	54.00	117.72	13.33	19.51	-1.62	1.34	-0.07	-7.12	41.00
668.703	1.97	54.00	106.38	13.33	19.58	-1.63	1.35	-0.13	-7.51	41.00
668.790	2.56	54.00	138.24	13.33	19.42	-1.64	1.35	-0.24	-8.73	41.00
668.933	2.94	54.00	158.76	13.34	20.10	-1.67	1.35	-0.03	-8.71	41.00
668.991	1.95	54.00	105.30	13.34	20.06	-1.68	1.35	-0.04	-6.93	41.00
669.063	1.66	54.00	89.64	13.34	20.03	-1.70	1.35	0.06	-5.17	41.00
669.081	1.60	54.00	86.40	13.34	20.02	-1.70	1.35	0.14	-4.54	41.00
669.089	1.36	54.00	73.44	13.34	20.00	-1.70	1.35	0.18	-4.24	41.00
669.179	-0.17	54.00	-9.18	13.34	19.55	-1.72	1.35	0.13	-1.44	41.00
669.239	-0.60	54.00	-32.40	13.34	19.50	-1.73	1.35	0.07	-0.25	41.00
669.353	0.30	54.00	16.20	13.34	19.52	-1.76	1.35	0.00	-0.49	41.00
669.441	1.24	54.00	66.96	13.34	19.40	-1.77	1.35	-0.04	-1.74	41.00
